PID,SalePrice
907135180,126183.56239993704
528181040,217670.14535257313
528175010,216951.08163069733
531379030,187127.04459605203
923275090,129379.3241880384
528181070,229144.94606676936
908103280,146387.63616220606
902201110,127218.22254439353
905103070,136903.34795569433
527162180,178414.94111548076
905450020,147416.18425272361
535301150,156913.00796396454
535451170,90741.0161880847
909250060,201570.7808285006
527254020,318860.14373631147
911128180,77740.42057869674
534475170,177129.75848708654
535402180,123725.21393397053
528235180,183719.3230452097
907200130,125988.3638965
906476030,187579.312170745
923203090,146727.62025768377
903454020,77551.72831253182
534277060,113756.54603259412
535450220,135245.51014438405
527252090,292716.9440105402
535300040,131343.9183683184
533241010,224515.4647443059
903201090,110093.02940603881
921128030,335421.1559093588
535180020,153243.1320149215
527106050,166490.45064935612
903233050,127048.43935664825
527105010,162064.60103492875
907196050,212217.4382579695
535375010,86455.54327111212
909455040,180509.36951790503
911370410,256624.7514810932
906223080,204093.226819171
902204080,89761.93845691551
916225130,276857.7416099107
534400060,160017.9200857296
528178090,358992.73807154613
528235190,198363.34081527623
906477110,155791.2566297425
902106090,127251.98593319952
535327160,117257.54574502396
909129100,124697.43805392455
909281110,211042.5418843342
528188120,195892.82919687155
528150120,333198.43872031197
535125060,218419.54217145225
906380120,194588.41495413802
527451020,119460.65099365625
528429100,266551.653102808
527132090,254818.56435730608
902427045,108747.13035319984
923276260,141738.72564491068
907290140,141451.71830153462
906380100,282964.31611176184
527377110,178415.60631349223
535379110,121468.5937600726
527427230,179474.26956641345
905105010,133692.13636608876
533215080,255015.31717739924
903484080,50730.67697315401
528441080,257801.5876893341
528120100,244432.74954873626
902301060,92714.44875035036
528231050,182183.24551613632
535353190,146352.53861592102
907201280,141411.80371198317
528315080,290131.86196765484
531375060,162462.34410548545
906200230,169849.11852640272
527451550,109357.55286829633
902103090,100319.17808170641
534401190,149057.4706189583
909425085,285131.17310491495
526352080,182189.25144524584
907126050,157432.66468729396
905352180,218053.02023718442
533212060,144339.73800668426
527356050,138626.3367976907
534479240,137951.4882675983
906226130,124284.4776493454
923228210,83907.4432773337
903227080,129746.9264170627
535179120,118059.71581974265
908201100,89266.42130410437
532479050,132940.1034244622
534402060,133394.2209558636
902109160,108770.3627407794
904302030,185533.38511624918
902300215,123393.36063404188
903228070,104477.38612945734
902406070,123431.61608518985
907410020,193587.9415769557
528365090,312722.48578741105
534450110,69945.08457813217
527146135,339955.1516614312
535325340,140262.5387010773
534452060,113019.43085493697
535325090,135747.77025770606
534202130,141045.9558134679
528118020,344872.0272383445
527214050,385533.6885394877
907401060,218993.4508016223
905104210,120690.27169781172
905225080,225786.781743447
535178060,139952.8678856033
914476450,159148.98059367848
533250050,215942.2418152986
535450070,141427.12641782084
528181060,231960.62612113685
535454100,132835.36761150212
534476080,145623.35442116784
909452114,249683.7231492789
903476090,122920.87504789364
904101040,126587.80416753642
534431030,135257.65034688902
910202060,100357.07021533308
916386090,251498.043287398
527451460,109398.84002535662
528290120,187519.67839620681
531375090,146516.70562428038
527403040,159984.588316946
535453020,136116.01248848345
911175360,94110.666460466
528228545,177002.08179041563
534275100,129807.91501041343
528142040,341001.8476517734
527357110,131343.37200021738
528480170,273005.6488543675
905226030,120665.43591530083
905104110,137562.34195309196
528480070,259314.63745781087
528386040,414666.21408158116
535453100,124318.58492273912
907192030,202530.86888919055
905478030,132176.8025963406
527210050,366200.366970747
535382020,115491.67843670612
528110070,317584.49693489703
902303100,149017.3783534612
903456090,101587.82801767242
528186080,296411.99196731125
909275310,211814.60843325526
908128100,195434.94299348764
908102140,122856.47216485199
531385060,179546.75945328726
902103100,141463.2118519748
528106010,398760.51250377693
534430080,128084.66457639495
533252130,192587.63199815544
528458160,294950.5281094409
902300110,91709.98570272561
528228275,175986.90726364925
907130060,168784.1687633136
905105190,134829.55966566177
908225240,102048.29573189993
528480060,270206.25384004734
526355170,247580.69692622067
902105010,89563.27705569768
903225160,128486.85137191157
924151050,218126.9453474896
535456010,136208.52974829543
907130110,174665.0546895759
909451040,117891.59502988092
535126140,196625.18152487988
533253050,150841.90507218285
905480240,100776.56487449544
905479110,104918.69626976369
903233140,136231.52402284043
909254070,179715.93753605743
907250020,255109.40281799328
908102260,132331.77553324247
527403360,123284.3142493871
906225210,157981.60411502083
527359010,168432.08878281596
905100030,128800.29075163908
909250030,114155.15907961027
908225320,125708.4567575622
905201030,79881.17779164841
914474020,229920.81417835917
532479020,147680.24729942452
528228575,222346.44340364475
527107240,172090.84161485784
533253210,164748.00879170233
527127150,225401.5576888981
531450120,196692.55499827393
905427050,158506.6031521883
527258010,284200.56181177875
906476140,160670.96428133445
533236090,336575.5655390197
908103090,108822.13643432116
908250090,100254.18381984401
528181010,218232.61108087908
907227090,142343.73839596222
527302185,230068.42072301172
535426150,150669.6712987879
909254100,166029.09202409931
531382120,188358.18864271345
921201060,275649.18975246744
528180140,320251.79458728235
905402090,160232.11546792748
902207120,83636.85156679674
902134100,88148.09239346399
908178050,229470.45447111194
535451210,108737.62796096985
528114050,317650.367812037
907203010,137816.9796110742
534151175,220324.99475082167
908228040,114058.79912065159
902110080,155063.4239932385
923277040,144659.03437165596
908204160,89345.13635500584
905402110,114437.83305020288
905102060,119517.17915306214
902402010,143513.0553111749
527107130,202756.512860513
909251030,142661.86141797868
903225040,129920.3665971528
902405120,125156.30644125608
534201280,131218.3978365634
527451290,101153.22692806723
905451390,153331.12717740863
528456200,229175.35359980116
902110130,96073.43928306414
528112010,264850.7124483367
905226130,144952.3481533414
905108120,148771.83260791347
532353120,126402.1960842753
528120030,321249.57184506697
527450110,107070.9179216484
533244040,302706.6671495158
910205120,108154.19057957212
535452100,131547.75168754748
528106050,403339.93890011124
909100170,90710.30170738767
531453040,181132.01487481128
535304060,119939.5532044416
528431120,261385.994560797
904100170,142361.43488145003
528218090,189273.8007543956
527131110,259320.01017693419
533208010,194671.66503832844
906226080,124081.27704750118
535152200,125882.36510491485
528231020,194365.58222287535
911128010,102836.53324769025
527455250,132323.6579299052
535403150,152050.4789836821
533251110,275071.8782990856
535457010,172798.0578816465
528110040,420041.3067972237
923252080,121433.14142492344
909101010,128283.26090448159
535177110,172296.85182004908
528354050,267957.78098342783
528235000,194143.81186785636
909252150,165502.23711033692
909275110,216059.8294517197
534427040,154540.79120053313
535151080,154310.57504648756
923226320,93739.02796583764
535450210,153219.39769840188
905403050,94034.80333641452
535382150,93213.78069656854
535176070,149776.00648316907
905103140,141935.08915141865
534201260,156183.2096540887
531451110,131812.86539957454
528348010,293001.53105709754
527212050,367321.71900694654
532377130,136412.6449109012
535325320,118005.29920625537
535383110,95670.6576432908
531450030,194306.3938581179
903401020,169099.76687901915
531363050,160692.18323715858
528358030,334282.6551409718
528456230,208975.86137918264
903227140,125911.27140836709
909179020,222069.54592366592
905202090,122618.17253956685
535453040,123247.9574676298
535302130,131162.53658539106
528480040,258921.2939222833
905104180,133541.99111789817
534451050,120632.80558670912
531452010,135436.54652125124
923228220,96149.47768600278
903233100,128565.19055206036
906392080,197811.6995683898
903232090,139361.0628015205
903426200,144361.10657846002
903451110,128386.95809229587
909250150,167306.77638093755
527180040,182668.46725077034
909253080,198263.63380789998
534431130,119913.91772941427
921205070,302560.4011625507
527105060,171965.92047459312
528290140,183200.48268859493
527451110,119118.13500590555
903201080,163888.6885830562
921128050,313986.98854777106
905101330,119179.56098162371
909250200,144939.36561702655
916403020,208198.4820031021
535151020,145210.77850841396
908152290,144950.61270647062
535355100,119363.69027768439
923400125,139487.27173833357
903227020,127919.93224790567
528322020,319007.87496439525
909451140,126171.78997924634
909451020,118302.92270691271
908225290,117951.51624939367
532377100,124226.40359599161
534129380,143161.42968952007
902304040,126545.96343441092
534276180,122817.84825352482
528222040,196084.98549266596
528176070,312121.37933257
902400110,475179.0506248596
903233030,115855.3098541725
531367050,222574.3442327224
907227300,133259.03153885348
923226290,88302.85337789256
906340080,299236.6529785463
533206050,196380.5912259222
535304170,145796.56804182296
528315060,302166.2523481407
923276030,140826.3809343944
907270050,265450.79580533324
902109080,106001.18295559967
904100030,132656.67739893543
528439050,242086.011406483
534401110,132693.90862862585
908275040,127545.661710773
902300040,132645.3244337708
527302020,232371.82317094563
534477110,174316.23123150738
527325090,199083.6991536105
902106130,106017.88727729316
528164040,334713.7821759762
906203140,218540.92072547873
535375040,91591.55343245811
527455060,136651.79452694376
535451250,137958.40989638696
907131190,205690.66413043393
923425030,135380.99009416543
911204090,98162.11105371953
907290160,141738.92829856384
909451100,138250.6546686678
534426040,137160.2139162865
916386180,208799.6915887354
907405030,203466.47557063898
903226060,159335.24608656697
528315070,265693.5307539041
527210030,428258.1132018173
533212050,157392.16336609816
528228460,171275.46593788575
535105060,183863.67829642937
906392070,195663.28361519094
914476130,159156.5427690251
908275180,129019.47105347808
533236040,183352.85596158495
533254110,276896.99180165044
534455030,154491.2071466035
528321010,332467.45513019746
528435060,250361.3726993025
535403200,136450.82772332095
528110020,489625.39596919913
907194130,215191.70445980318
528186190,239409.28693312703
902206040,118434.48855211728
921128020,313386.3127703279
533250110,196546.6604799094
534479300,123290.72808201141
534225120,140685.35611669472
903425245,159961.02140427576
533130170,363201.57125897775
909100080,114040.33111274011
923230180,133775.0835817396
533223020,164742.85384073431
905106170,123045.84769692448
907202220,132376.29372302088
907251100,249790.11440745232
527163010,174826.692623411
526353030,225737.39595998434
903425420,119233.80786707951
528108070,341105.049975209
903401030,130888.97375362407
531375110,147158.63905087163
904301410,107096.26344172502
902204120,124966.78183837364
904302020,99474.84244839393
902202090,126541.31275509075
528344020,317450.9229390207
908103260,125066.79388344438
909251170,150534.283410533
911370450,268727.62821717904
903456110,206138.03448532586
908276230,106654.60404893257
535105160,123849.32180865952
902207130,56833.28197075368
923228230,86991.84265002029
903457040,145151.32233411018
908102130,120285.37579108939
535151040,137751.70512982417
921126010,260290.28970303765
534276010,116826.27615247072
534204030,135533.72984341337
911104060,72848.70746097591
903450110,84681.752117748
527328050,163603.00869322938
910206010,64077.81072294608
527451400,105971.33274411454
907290090,214686.79393703744
531363030,176573.30382725695
528218080,191844.7641312493
527451200,113328.39529900368
903427120,132885.27585098936
534431020,130324.90096404552
535153140,176976.53173592573
534403290,213325.87850829703
534479120,125025.64288208909
907135040,143153.28158158503
533350050,289644.04526485194
535451110,130139.60869914398
533213070,167083.20382163947
916384100,240463.20391681328
535126040,194596.93431369177
909282060,197240.68419364258
528427100,247129.68787189774
534430090,126779.98307400807
528348030,271422.8210583509
923228390,73832.68849021505
908186050,141484.8860752695
531452100,151730.65393521052
902207150,105281.61505222908
528120160,308619.5259180892
535354130,142939.35515478617
533208090,199337.6356387845
535381060,80516.75502447812
527452190,146831.67352662949
903233120,120980.72893835093
905109130,248530.90551665777
909281030,151012.04485829876
910203250,66937.92971466252
528294010,179818.23454924233
528172020,285271.98243916954
535380010,141646.8142214264
916382010,214843.17496040754
532479140,161817.9726527452
905452040,151268.44208050813
534475185,150164.07886939507
534178010,127777.3195737111
527212040,343916.5307218266
909175030,148964.91522760605
531479030,120639.62782994867
902100130,81882.61341467335
909101070,63079.121440113006
902109130,97228.68183262883
528365070,286503.03287153115
534276360,118733.09506503743
527180100,192240.66880947407
527455100,131287.65127964795
902301130,103717.533459353
532378120,118523.0820764326
903455140,118592.14724421906
910201050,128095.05275384843
923400040,168250.6681827509
914476430,163357.41730674787
533206070,228821.68125025538
909451130,119119.81802777821
903226150,113525.66800573944
534400050,177547.78121968234
908102160,118733.71113757962
533236050,197156.25980482277
528488140,203748.0565464469
906380010,198801.11126366546
903454090,133604.06863677865
535450310,177806.01323839775
531371070,182663.18083114363
531477050,94169.57799678118
905103180,145701.1675140169
902402130,104449.99513972428
531452260,184076.96574497773
527376110,195827.3783766482
909250220,117670.46881444399
527427160,165110.2606040047
907202050,167430.95717220695
531379050,221728.39520029048
528240030,197772.12361294997
903430090,147243.58208227332
534127080,208145.8767628885
907265100,228881.71863580143
527405130,114782.29345143157
532351050,124921.16905259997
535305030,123100.02866536434
535450190,122508.6906140751
527355280,188914.28746541066
906380190,192619.7671785005
907203090,134573.4637990157
908203100,101985.97594896141
905200260,159446.32569087422
906475170,245278.06838063768
909201110,119802.72171753852
534126090,202516.51351278636
907200190,132524.31864179127
534430050,135962.47457517352
909201180,125396.28559682428
528108130,356696.45986881613
909276200,148520.13457500646
916402015,186299.0853674974
904100190,114843.73610798267
532353130,133607.05958576157
527145090,228237.8692592054
535375130,109430.25552249054
533254100,213728.13512233467
528142110,339267.4811036037
528235200,193237.9525567962
923202015,178142.50876137166
905451340,101313.36280405261
528218100,190188.628883519
528240130,203975.12310371752
911370540,269535.64283899846
909175050,189636.43752604903
907410040,210202.24968338732
528108010,279435.4339469103
531376030,201161.97770238155
905453080,197681.06941684993
906226120,153849.58617135833
908154080,348067.6655668956
534451120,99516.99380788293
535478090,123495.00739197258
903206170,147197.43774644056
902406030,114308.71824941506
907414040,199101.96551318644
911102170,76828.89210505693
923225360,86262.98777613613
902106040,152835.86376042682
534477090,150858.11686628519
906378150,288200.17619288986
535325460,186062.4249982821
534275220,119134.90351008688
535353140,87986.31177143454
907412020,208681.4114173198
528358040,279386.110543847
906380200,193478.18254198617
903231080,108249.15347195072
907275080,234991.50291581216
533212110,159789.1630339637
904301110,101257.49220694265
531363040,177928.18923542707
535104120,190198.9889448175
527427110,154782.24839269122
527354050,163652.17866631423
907420060,195719.90499857295
905101300,111921.46681324704
528435050,259196.13020205765
903234160,105143.76348378872
534177230,223657.00238422983
923228270,86723.5080205439
535427070,239260.66089519052
527455050,147751.98672778925
535155110,133917.22752410252
923226270,93697.37549416877
909251090,232723.21512944123
535304100,138150.29730113252
916380070,280814.0277502449
534201230,128168.69590422788
535179160,116513.78863103966
531451020,172640.70318904676
528344060,303320.4545511925
535402220,192646.73440070916
903226160,134210.43899974567
902107050,111274.78333161009
905480030,123389.28969401441
527183060,217445.63474907773
909252110,169471.19583244348
902111010,106543.54350118367
535404080,124993.3999471052
908188140,154369.1025411827
907285010,220572.65330411575
905352030,215403.07127511906
535175050,172417.57430135782
906425045,142539.51963136764
535152060,129295.11813212855
903204040,139479.06061659055
903458020,94951.060666115
923204040,129206.59249003089
903236200,106866.55464343647
535457020,139545.88492334657
527451380,125074.14677976066
531375140,144888.97782671568
528174060,179167.94589766185
903400180,174572.37168999584
903227150,130834.28103554943
909250070,162559.65101572633
909425180,197604.27495980318
